Race,Date
Bahrain Grand Prix,2023-03-05
Saudi Arabian Grand Prix,2023-03-19
Australian Grand Prix,2023-04-02
Azerbaijan Grand Prix,2023-04-30
Miami Grand Prix,2023-05-07
Emilia Romagna Grand Prix,2023-05-21
Monaco Grand Prix,2023-05-28
Spanish Grand Prix,2023-06-04
Canadian Grand Prix,2023-06-18
Austrian Grand Prix,2023-07-02
British Grand Prix,2023-07-09
Hungarian Grand Prix,2023-07-23
Belgian Grand Prix,2023-07-30
Dutch Grand Prix,2023-08-27
Italian Grand Prix,2023-09-03
Singapore Grand Prix,2023-09-17
Japanese Grand Prix,2023-09-24
Qatar Grand Prix,2023-10-08
United States Grand Prix,2023-10-22
Mexico City Grand Prix,2023-10-29
SÃ£o Paulo Grand Prix,2023-11-05
Las Vegas Grand Prix,2023-11-19
Abu Dhabi Grand Prix,2023-11-26
