Driver,Nationality
Lewis Hamilton,British
Nick Heidfeld,German
Nico Rosberg,German
Fernando Alonso,Spanish
Heikki Kovalainen,Finnish
Kazuki Nakajima,Japanese
Sébastien Bourdais,French
Kimi Räikkönen,Finnish
Robert Kubica,Polish
Timo Glock,German
Takuma Sato,Japanese
Nelson Piquet Jr.,Brazilian
Felipe Massa,Brazilian
David Coulthard,British
Jarno Trulli,Italian
Adrian Sutil,German
Mark Webber,Australian
Jenson Button,British
Anthony Davidson,British
Sebastian Vettel,German
Giancarlo Fisichella,Italian
Rubens Barrichello,Brazilian
Ralf Schumacher,German
Vitantonio Liuzzi,Italian
Alexander Wurz,Austrian
Scott Speed,American
Christijan Albers,Dutch
Markus Winkelhock,German
Sakon Yamamoto,Japanese
Michael Schumacher,German
Juan Pablo Montoya,Colombian
Christian Klien,Austrian
Tiago Monteiro,Portuguese
Yuji Ide,Japanese
Jacques Villeneuve,Canadian
Franck Montagny,French
Pedro de la Rosa,Spanish
Robert Doornbos,Dutch
Narain Karthikeyan,Indian
Patrick Friesacher,Austrian
Ricardo Zonta,Brazilian
Antônio Pizzonia,Brazilian
Cristiano da Matta,Brazilian
Olivier Panis,French
Giorgio Pantano,Italian
Gianmaria Bruni,Italian
Zsolt Baumgartner,Hungarian
Marc Gené,Spanish
Heinz-Harald Frentzen,German
Jos Verstappen,Dutch
Justin Wilson,British
Ralph Firman,Irish
Nicolas Kiesa,Danish
Luciano Burti,Brazilian
Jean Alesi,French
Eddie Irvine,British
Mika Häkkinen,Finnish
Tarso Marques,Brazilian
Enrique Bernoldi,Brazilian
Gastón Mazzacane,Argentine
Tomáš Enge,Czech
Alex Yoong,Malaysian
Mika Salo,Finnish
Pedro Diniz,Brazilian
Johnny Herbert,British
Allan McNish,British
Sébastien Buemi,Swiss
Toranosuke Takagi,Japanese
Luca Badoer,Italian
Alessandro Zanardi,Italian
Damon Hill,British
Stéphane Sarrazin,French
Ricardo Rosset,Brazilian
Esteban Tuero,Argentine
Shinji Nakano,Japanese
Jan Magnussen,Danish
Gerhard Berger,Austrian
Nicola Larini,Italian
Ukyo Katayama,Japanese
Vincenzo Sospiri,Italian
Gianni Morbidelli,Italian
Norberto Fontana,Argentine
Pedro Lamy,Portuguese
Martin Brundle,British
Andrea Montermini,Italian
Giovanni Lavaggi,Italian
Mark Blundell,British
Aguri Suzuki,Japanese
Taki Inoue,Japanese
Roberto Moreno,Brazilian
Karl Wendlinger,Austrian
Bertrand Gachot,Belgian
Domenico Schiattarella,Italian
Pierluigi Martini,Italian
Nigel Mansell,British
Jean-Christophe Boullion,French
Massimiliano Papis,Italian
Jean-Denis Délétraz,Swiss
Gabriele Tarquini,Italian
Érik Comas,French
David Brabham,Australian
Ayrton Senna,Brazilian
Éric Bernard,French
Christian Fittipaldi,Brazilian
Michele Alboreto,Italian
Olivier Beretta,Monegasque
Roland Ratzenberger,Austrian
Paul Belmondo,French
Jyrki Järvilehto,Finnish
Andrea de Cesaris,Italian
Jean-Marc Gounon,French
Philippe Alliot,French
Philippe Adams,Belgian
Yannick Dalmas,French
Hideki Noda,Japanese
Franck Lagorce,French
Alain Prost,French
Derek Warwick,British
Riccardo Patrese,Italian
Fabrizio Barbazza,Italian
Michael Andretti,American
Ivan Capelli,Italian
Thierry Boutsen,Belgian
Marco Apicella,Italian
Emanuele Naspetti,Italian
Toshio Suzuki,Japanese
Maurício Gugelmin,Brazilian
Eric van de Poele,Belgian
Olivier Grouillard,French
Andrea Chiesa,Swiss
Stefano Modena,Italian
Giovanna Amati,Italian
Alex Caffi,Italian
Enrico Bertaggia,Italian
Perry McCarthy,British
Jan Lammers,Dutch
Nelson Piquet,Brazilian
Satoru Nakajima,Japanese
Emanuele Pirro,Italian
Stefan Johansson,Swedish
Julian Bailey,British
Pedro Chaves,Portuguese
Michael Bartels,German
Naoki Hattori,Japanese
Alessandro Nannini,Italian
Bernd Schneider,German
Paolo Barilla,Italian
Gregor Foitek,Swiss
Claudio Langes,Italian
Gary Brabham,Australian
Martin Donnelly,British
Bruno Giacomelli,Italian
Jaime Alguersuari,Spanish
Romain Grosjean,French
Kamui Kobayashi,Japanese
Jonathan Palmer,British
Christian Danner,German
Eddie Cheever,American
Luis Pérez-Sala,Spanish
Piercarlo Ghinzani,Italian
Volker Weidler,German
Pierre-Henri Raphanel,French
René Arnoux,French
Joachim Winkelhock,German
Oscar Larrauri,Argentine
Philippe Streiff,French
Adrián Campos,Spanish
Jean-Louis Schlesser,French
Pascal Fabre,French
Teo Fabi,Italian
Franco Forini,Swiss
Jacques Laffite,French
Elio de Angelis,Italian
Johnny Dumfries,British
Patrick Tambay,French
Marc Surer,Swiss
Keke Rosberg,Finnish
Alan Jones,Australian
Huub Rothengatter,Dutch
Allen Berg,Canadian
Manfred Winkelhock,German
Niki Lauda,Austrian
François Hesnault,French
Mauro Baldi,Italian
Stefan Bellof,German
Kenny Acheson,British
John Watson,British
Johnny Cecotto,Venezuelan
Jo Gartner,Austrian
Corrado Fabi,Italian
Mike Thackwell,New Zealander
Chico Serra,Brazilian
Danny Sullivan,American
Eliseo Salazar,Chilean
Roberto Guerrero,Colombian
Raul Boesel,Brazilian
Jean-Pierre Jarier,French
Jacques Villeneuve Sr.,Canadian
Carlos Reutemann,Argentine
Jochen Mass,German
Slim Borgudd,Swedish
Didier Pironi,French
Gilles Villeneuve,Canadian
Riccardo Paletti,Italian
Brian Henton,British
Derek Daly,Irish
Mario Andretti,American
Emilio de Villota,Spanish
Geoff Lees,British
Tommy Byrne,Irish
Rupert Keegan,British
Hector Rebaque,Mexican
Beppe Gabbiani,Italian
Kevin Cogan,American
Miguel Ángel Guerra,Argentine
Siegfried Stohr,Italian
Ricardo Zunino,Argentine
Ricardo Londoño,Colombian
Jean-Pierre Jabouille,French
Giorgio Francia,Italian
Patrick Depailler,French
Jody Scheckter,South African
Clay Regazzoni,Swiss
Emerson Fittipaldi,Brazilian
Dave Kennedy,Irish
Stephen South,British
Tiff Needell,British
Desiré Wilson,South African
Harald Ertl,Austrian
Vittorio Brambilla,Italian
James Hunt,British
Arturo Merzario,Italian
Hans-Joachim Stuck,German
Gianfranco Brancatelli,Italian
Jacky Ickx,Belgian
Patrick Gaillard,French
Alex Ribeiro,Brazilian
Ronnie Peterson,Swedish
Brett Lunger,American
Danny Ongais,American
Lamberto Leoni,Italian
Divina Galica,British
Rolf Stommelen,German
Alberto Colombo,Italian
Tony Trimmer,British
Hans Binder,Austrian
Michael Bleekemolen,Dutch
Carlo Franchi,Italian
Bobby Rahal,American
Carlos Pace,Brazilian
Ian Scheckter,South African
Tom Pryce,British
Ingo Hoffmann,Brazilian
Renzo Zorzi,Italian
Gunnar Nilsson,Swedish
Larry Perkins,Australian
Boy Lunger,Dutch
Patrick Nève,Belgian
David Purley,British
Conny Andersson,Swedish
Bernard de Dryver,Belgian
Jackie Oliver,British
Mikko Kozarowitzky,Finnish
Andy Sutcliffe,British
Guy Edwards,British
Brian McGuire,Australian
Vern Schuppan,Australian
Hans Heyer,German
Teddy Pilette,Belgian
Ian Ashley,British
Loris Kessel,Swiss
Kunimitsu Takahashi,Japanese
Kazuyoshi Hoshino,Japanese
Noritake Takahara,Japanese
Lella Lombardi,Italian
Bob Evans,British
Michel Leclère,French
Chris Amon,New Zealander
Emilio Zapico,Spanish
Henri Pescarolo,French
Jac Nelleman,Danish
Damien Magee,British
Mike Wilds,British
Alessandro Pesenti-Rossi,Italian
Otto Stuppacher,Austrian
Warwick Brown,Australian
Masahiro Hasemi,Japanese
Mark Donohue,American
Graham Hill,British
Wilson Fittipaldi,Brazilian
Guy Tunmer,South African
Eddie Keizan,South African
Dave Charlton,South African
Tony Brise,British
Roelof Wunderink,Dutch
François Migault,French
Torsten Palm,Swedish
Gijs van Lennep,Dutch
Hiroshi Fushida,Japanese
John Nicholson,New Zealander
Dave Morgan,British
Jim Crawford,British
Jo Vonlanthen,Swiss
Denny Hulme,New Zealander
Mike Hailwood,British
Jean-Pierre Beltoise,French
Howden Ganley,New Zealander
Richard Robarts,British
Peter Revson,American
Paddy Driver,South African
Tom Belsø,Danish
Brian Redman,British
Rikky von Opel,Liechtensteiner
Tim Schenken,Australian
Gérard Larrousse,French
Leo Kinnunen,Finnish
Reine Wisell,Swedish
Bertil Roos,Swedish
José Dolhem,French
Peter Gethin,British
Derek Bell,British
David Hobbs,British
Dieter Quester,Austrian
Helmuth Koinigg,Austrian
Carlo Facetti,Italian
Eppie Wietzes,Canadian
François Cevert,French
Jackie Stewart,British
Mike Beuttler,British
Nanni Galli,Italian
Luiz Bueno,Brazilian
George Follmer,American
Andrea de Adamich,Italian
Jackie Pretorius,South African
Roger Williamson,British
Graham McRae,New Zealander
Helmut Marko,Austrian
David Walker,Australian
Alex Soler-Roig,Spanish
John Love,Rhodesian
John Surtees,British
Skip Barber,American
Bill Brack,Canadian
Sam Posey,American
Pedro Rodríguez,Mexican
Jo Siffert,Swiss
Jo Bonnier,Swedish
François Mazet,French
Max Jean,French
Vic Elford,British
Silvio Moser,Swiss
George Eaton,Canadian
Pete Lovely,American
Chris Craft,British
John Cannon,Canadian
Jack Brabham,Australian
John Miles,British
Jochen Rindt,Austrian
Johnny Servoz-Gavin,French
Bruce McLaren,New Zealander
Piers Courage,British
Peter de Klerk,South African
Ignazio Giunti,Italian
Dan Gurney,American
Hubert Hahne,German
Gus Hutchison,American
Peter Westbury,British
Sam Tingle,Rhodesian
Basil van Rooyen,South African
Richard Attwood,British
Al Pease,Canadian
John Cordts,Canadian
Jim Clark,British
Mike Spence,British
Ludovico Scarfiotti,Italian
Lucien Bianchi,Belgian
Jo Schlesser,French
Robin Widdows,British
Kurt Ahrens,German
Frank Gardner,Australian
Bobby Unser,American
Moisés Solana,Mexican
Bob Anderson,British
Luki Botha,South African
Lorenzo Bandini,Italian
Richie Ginther,American
Mike Parkes,British
Chris Irwin,British
Guy Ligier,French
Alan Rees,British
Brian Hart,British
Mike Fisher,American
Tom Jones,American
Giancarlo Baghetti,Italian
Jonathan Williams,British
Bob Bondurant,American
Peter Arundell,British
Vic Wilson,British
John Taylor,British
Chris Lawrence,British
Trevor Taylor,British
Giacomo Russo,Italian
Phil Hill,American
Innes Ireland,British
Ronnie Bucknum,American
Paul Hawkins,Australian
David Prophet,British
Tony Maggs,South African
Trevor Blokdyk,South African
Neville Lederle,South African
Doug Serrurier,South African
Brausch Niemann,South African
Ernie Pieterse,South African
Clive Puzey,Rhodesian
Ray Reed,South African
David Clapham,South African
Alex Blignaut,South African
Masten Gregory,American
John Rhodes,British
Ian Raby,British
Alan Rollinson,British
Brian Gubby,British
Gerhard Mitter,German
Roberto Bussinello,Italian
Nino Vaccarella,Italian
Giorgio Bassi,Italian
Maurice Trintignant,French
Bernard Collomb,French
André Pilette,Belgian
Carel Godin de Beaufort,Dutch
Edgar Barth,German
Mário de Araújo Cabral,Portuguese
Walt Hansgen,American
Hap Sharp,American
Willy Mairesse,Belgian
John Campbell-Jones,British
Ian Burgess,British
Tony Settember,American
Nasif Estéfano,Argentine
Jim Hall,American
Tim Parnell,British
Kurt Kuhnke,German
Ernesto Brambilla,Italian
Roberto Lippi,Italian
Günther Seiffert,German
Carlo Abate,Italian
Gaetano Starrabba,Italian
Peter Broeker,Canadian
Rodger Ward,American
Ernie de Vos,Dutch
Frank Dochnal,American
Thomas Monarch,American
Pierre Gasly,French
Jackie Lewis,British
Ricardo Rodríguez,Mexican
Wolfgang Seidel,German
Roy Salvadori,British
Ben Pon,Dutch
Rob Slotemaker,Dutch
Tony Marsh,British
Gerry Ashmore,British
Heinz Schiller,Swiss
Colin Davis,British
Jay Chamberlain,American
Tony Shelly,New Zealander
Keith Greene,British
Heini Walter,Swiss
Ernesto Prinoth,Italian
Roger Penske,American
Rob Schroeder,British
Timmy Mayer,American
Bruce Johnstone,South African
Mike Harris,South African
Gary Hocking,Rhodesian
Syd van der Vyver,South African
Stirling Moss,British
Wolfgang von Trips,German
Cliff Allison,British
Hans Herrmann,German
Tony Brooks,British
Michael May,Swiss
Henry Taylor,British
Olivier Gendebien,Belgian
Giorgio Scarlatti,Italian
Brian Naylor,British
Juan Manuel Bordeu,Argentine
Jack Fairman,British
Massimo Natili,Italian
Peter Monteverdi,Swiss
Renato Pirocchi,Italian
Geoff Duke,British
Alfonso Thiele,American-Italian
Menato Boffa,Italian
Peter Ryan,Canadian
Lloyd Ruby,American
Ken Miles,British
Carlos Menditeguy,Argentine
Alberto Rodriguez Larreta,Argentine
José Froilán González,Argentine
Roberto Bonomi,Argentine
Gino Munaron,Italian
Harry Schell,American
Alan Stacey,British
Ettore Chimeri,Venezuelan
Antonio Creus,Spanish
Chris Bristow,British
Bruce Halford,British
Chuck Daigh,American
Lance Reventlow,American
Jim Rathmann,American
Paul Goldsmith,American
Don Branson,American
Johnny Thomson,American
Eddie Johnson,American
Bob Veith,American
Bud Tingelstad,American
Bob Christie,American
Red Amick,American
Duane Carter,American
Bill Homeier,American
Gene Hartley,American
Chuck Stevenson,American
Bobby Grim,American
Shorty Templeman,American
Jim Hurtubise,American
Jimmy Bryan,American
Troy Ruttman,American
Eddie Sachs,American
Don Freeland,American
Tony Bettenhausen,American
Wayne Weiler,American
Anthony Foyt,American
Eddie Russo,American
Johnny Boyd,American
Gene Force,American
Jim McWithey,American
Len Sutton,American
Dick Rathmann,American
Al Herman,American
Dempsey Wilson,American
Mike Taylor,British
Ron Flockhart,British
David Piper,British
Giulio Cabianca,Italian
Piero Drogo,Italian
Fred Gamble,American
Arthur Owen,British
Horace Gould,British
Bob Drake,American
Ivor Bueb,British
Alain de Changy,Belgian
Maria de Filippis,Italian
Jean Lucienbonnet,French
André Testut,Monegasque
Jean Behra,French
Paul Russo,American
Jimmy Daywalt,American
Chuck Arnold,American
Al Keller,American
Pat Flaherty,American
Bill Cheesbourg,American
Ray Crawford,American
Jack Turner,American
Chuck Weyant,American
Jud Larson,American
Mike Magill,American
Carroll Shelby,American
Fritz d'Orey,Brazilian
Azdrubal Fontes,Uruguayan
Peter Ashdown,British
Bill Moss,British
Dennis Taylor,British
Harry Blanchard,American
Alessandro de Tomaso,Argentine-Italian
George Constantine,American
Bob Said,American
Phil Cade,American
Luigi Musso,Italian
Mike Hawthorn,British
Juan Fangio,Argentine
Paco Godia,Spanish
Peter Collins,British
Ken Kavanagh,Australian
Gerino Gerini,Italian
Bruce Kessler,American
Paul Emery,British
Luigi Piotti,Italian
Bernie Ecclestone,British
Luigi Taramazzo,Italian
Louis Chiron,Monegasque
Stuart Lewis-Evans,British
George Amick,American
Jimmy Reece,American
Johnnie Parsons,American
Johnnie Tolan,American
Billy Garrett,American
Ed Elisian,American
Pat O'Connor,American
Jerry Unser,American
Art Bisch,American
Christian Goethals,Belgian
Dick Gibson,British
Robert La Caze,French
André Guelfi,French
François Picard,French
Tom Bridger,British
Alfonso de Portago,Spanish
Cesare Perdisa,Italian
Eugenio Castellotti,Italian
André Simon,French
Les Leston,British
Sam Hanks,American
Andy Linden,American
Marshall Teague,American
Don Edmunds,American
Fred Agabashian,American
Elmer George,American
Mike MacDowel,British
Herbert MacKay-Fraser,American
Bob Gerard,British
Umberto Maglioli,Italian
Paul England,Australian
Chico Landi,Brazilian
Alberto Uria,Uruguayan
Hernando da Silva Ramos,Brazilian
Élie Bayol,French
Robert Manzon,French
Louis Rosier,French
Bob Sweikert,American
Cliff Griffith,American
Duke Dinsmore,American
Keith Andrews,American
Paul Frère,Belgian
Luigi Villoresi,Italian
Piero Scotti,Italian
Colin Chapman,British
Desmond Titterington,British
Archie Scott Brown,British
Ottorino Volonterio,Swiss
André Milhoux,Belgian
Toulo de Graffenried,Swiss
Piero Taruffi,Italian
Nino Farina,Italian
Roberto Mieres,Argentine
Sergio Mantovani,Italian
Clemar Bucci,Argentine
Jesús Iglesias,Argentine
Alberto Ascari,Italian
Karl Kling,German
Pablo Birger,Argentine
Jacques Pollet,French
Lance Macklin,British
Ted Whiteaway,British
Jimmy Davies,American
Walt Faulkner,American
Cal Niday,American
Art Cross,American
Bill Vukovich,American
Jack McGrath,American
Jerry Hoyt,American
Johnny Claes,Belgian
Peter Walker,British
Mike Sparken,French
Ken Wharton,British
Kenneth McAlpine,British
Leslie Marr,British
Tony Rolt,British
John Fitch,American
Jean Lucas,French
Prince Bira,Thai
Onofre Marimón,Argentine
Roger Loyer,French
Jorge Daponte,Argentine
Mike Nazaruk,American
Larry Crockett,American
Manny Ayulo,American
Frank Armi,American
Travis Webb,American
Len Duncan,American
Ernie McCoy,American
Jacques Swaters,American
Georges Berger,Belgian
Don Beauman,British
Leslie Thorne,British
Bill Whitehouse,British
John Riseley-Prichard,British
Reg Parnell,British
Peter Whitehead,British
Eric Brandon,British
Alan Brown,British
Rodney Nuckey,British
Hermann Lang,German
Theo Helfrich,German
Fred Wacker,American
Giovanni de Riu,Italian
Oscar Gálvez,Argentine
John Barber,British
Felice Bonetto,Italian
Adolfo Cruz,Argentine
Duke Nalon,American
Carl Scarborough,American
Bill Holland,American
Bob Scott,American
Arthur Legat,Belgian
Yves Cabantous,French
Tony Crook,British
Jimmy Stewart,British
Ian Stewart,British
Duncan Hamilton,British
Ernst Klodwig,East German
Rudolf Krause,East German
Oswald Karch,German
Willi Heeks,German
Theo Fitzau,East German
Kurt Adolff,German
Günther Bechem,German
Erwin Bauer,German
Hans von Stuck,German
Ernst Loof,German
Albert Scherrer,Swiss
Max de Terra,Swiss
Peter Hirt,Swiss
Piero Carini,Italian
Rudi Fischer,Swiss
Toni Ulmen,German
George Abecassis,British
George Connor,American
Jim Rigsby,American
Joe James,American
Bill Schindler,American
George Fonder,American
Henry Banks,American
Johnny McDowell,American
Chet Miller,American
Bobby Ball,American
Charles de Tornaco,Belgian
Roger Laurent,Belgian
Robert O'Brien,American
Tony Gaze,Australian
Robin Montgomerie-Charrington,British
Franco Comotti,Italian
Philippe Étancelin,French
Dennis Poore,British
Eric Thompson,British
Ken Downing,British
Graham Whitehead,British
Gino Bianco,Brazilian
David Murray,British
Eitel Cantoni,Uruguayan
Bill Aston,British
Adolf Brudes,German
Fritz Riess,German
Helmut Niedermayr,German
Hans Klenk,German
Marcel Balsa,French
Rudolf Schoeller,Swiss
Paul Pietsch,German
Josef Peters,German
Dries van der Lof,Dutch
Jan Flinterman,Dutch
Piero Dusio,Italian
Alberto Crespo,Argentine
Franco Rol,Italian
Consalvo Sanesi,Italian
Guy Mairesse,French
Henri Louveau,French
Lee Wallard,American
Carl Forberg,American
Mauri Rose,American
Bill Mackey,American
Cecil Green,American
Walt Brown,American
Mack Hellings,American
Pierre Levegh,French
Eugène Chaboud,French
Aldo Gordini,French
Joe Kelly,Irish
Philip Fotheringham-Parker,British
Brian Shawe Taylor,British
John James,British
Toni Branca,Swiss
Ken Richardson,British
Juan Jover,Spanish
Georges Grignard,French
David Hampshire,British
Geoff Crossley,British
Luigi Fagioli,Italian
Cuth Harrison,British
Joe Fry,British
Eugène Martin,French
Leslie Johnson,British
Clemente Biondetti,Italian
Alfredo Pián,Argentine
Raymond Sommer,French
Joie Chitwood,American
Myron Fohr,American
Walt Ader,American
Jackie Holmes,American
Bayliss Levrett,American
Jimmy Jackson,American
Nello Pagani,Italian
Charles Pozzi,French
Dorino Serafini,Italian
Bill Cantrell,American
Johnny Mantz,American
Danny Kladis,American
Óscar González,Uruguayan
Nico Hülkenberg,German
Vitaly Petrov,Russian
Lucas di Grassi,Brazilian
Bruno Senna,Brazilian
Karun Chandhok,Indian
Pastor Maldonado,Venezuelan
Paul di Resta,British
Sergio Pérez,Mexican
Jérôme d'Ambrosio,Belgian
Daniel Ricciardo,Australian
Jean-Éric Vergne,French
Charles Pic,French
Max Chilton,British
Esteban Gutiérrez,Mexican
Valtteri Bottas,Finnish
Giedo van der Garde,Dutch
Jules Bianchi,French
Kevin Magnussen,Danish
Daniil Kvyat,Russian
André Lotterer,German
Marcus Ericsson,Swedish
Will Stevens,British
Max Verstappen,Dutch
Felipe Nasr,Brazilian
Carlos Sainz,Spanish
Roberto Merhi,Spanish
Alexander Rossi,American
Jolyon Palmer,British
Pascal Wehrlein,German
Rio Haryanto,Indonesian
Stoffel Vandoorne,Belgian
Esteban Ocon,French
Lance Stroll,Canadian
Antonio Giovinazzi,Italian
Brendon Hartley,New Zealander
Charles Leclerc,Monegasque
Sergey Sirotkin,Russian
Lando Norris,British
George Russell,British
Alexander Albon,Thai
Nicholas Latifi,Canadian
Pietro Fittipaldi,Brazilian
Jack Aitken,British
Yuki Tsunoda,Japanese
Nikita Mazepin,Russian
Mick Schumacher,German
Guanyu Zhou,Chinese
Nyck de Vries,Dutch
Oscar Piastri,Australian
Logan Sargeant,American
